SET SQL_MODE = "NO_AUTO_VALUE_ON_ZERO";
START TRANSACTION;
SET time_zone = "+00:00";


/*!40101 SET @OLD_CHARACTER_SET_CLIENT=@@CHARACTER_SET_CLIENT */;
/*!40101 SET @OLD_CHARACTER_SET_RESULTS=@@CHARACTER_SET_RESULTS */;
/*!40101 SET @OLD_COLLATION_CONNECTION=@@COLLATION_CONNECTION */;
/*!40101 SET NAMES utf8mb4 */;

-- --------------------------------------------------------

--
-- Table structure for table `customers`
--

CREATE TABLE `customers` (
  `id` int(11) NOT NULL,
  `name` varchar(255) NOT NULL,
  `phone` varchar(255) NOT NULL
) ENGINE=InnoDB DEFAULT CHARSET=utf8mb4;

--
-- Dumping data for table `customers`
--

INSERT INTO `customers` (`id`, `name`, `phone`) VALUES
(1, 'r1sd4ZsDDD', '+989404820641'),
(2, '4xdT97ykl9', '+989642498171'),
(3, 'xu8GlpijLK', '+989329149829'),
(4, 'qls8AOqDqo', '+989384960575'),
(5, 'KPXxzudBCq', '+989531648860'),
(6, 'Ypo0RDc82L', '+989542453698'),
(7, 'wmTfdmRRys', '+989936969882'),
(8, 'pSAKDHNieQ', '+989698186076'),
(9, 'mYCC5oKAbf', '+989423165178'),
(10, 'SvJaB29FFv', '+989401042252'),
(11, 'mdvPIj7Lmz', '+989212652226'),
(12, 'Tb3mzJ6iVC', '+989861359433'),
(13, 'goQ KusMli', '+989954836194'),
(14, 'JZKQwsnhv3', '+989562882349'),
(15, 'iazEYUOPc7', '+989949076087'),
(16, 'lg o4kNXJ6', '+989835220113'),
(17, 'iVzixnRXkX', '+989724256402'),
(18, 'I4YYxomWRl', '+989925886511'),
(19, 'DxqBIFoRZe', '+989555634269'),
(20, 'NVw0bPWlQT', '+989551059339'),
(21, '0RySPZypFd', '+989477473584'),
(22, 'jUyUhlnfyV', '+989741510339'),
(23, '3WKvJ2 AwN', '+989915873122'),
(24, 'TymAgvNUFS', '+989229701972'),
(25, 'aRhGDtYAwT', '+989515147658'),
(26, 'zuPtJKrh11', '+989738509554'),
(27, 'nx9dnUcq3K', '+989368204056'),
(28, 'fzby5vmbfZ', '+989670758037'),
(29, 'pl7QWWmpEH', '+989288438639'),
(30, 'Hcdovu pLD', '+989454734078'),
(31, 'bnKlH6pSfG', '+989129382954'),
(32, 'RRjNFtm RC', '+989134556618'),
(33, 'EqHF02fVWm', '+989575794633'),
(34, '2TPXTy 36M', '+989288198491'),
(35, 'YNn3lmHQhN', '+989174186232'),
(36, 'aAZJUupvHB', '+989846169758'),
(37, 'qqfESSr0pn', '+989784534647'),
(38, '3vLqxnZsRi', '+989625530069'),
(39, 'jJi2NYxn0C', '+989556245491'),
(40, '3mlJEltd4E', '+989637083929'),
(41, '0taxUXsoT4', '+989622649474'),
(42, '23dHuGVtvg', '+989755671121'),
(43, 'F5BEViuDBT', '+989688468518'),
(44, 'KaPlExjd5u', '+989159018701'),
(45, 'zjqKDeveWk', '+989357493777'),
(46, '7SqiK57EkP', '+989936259651'),
(47, 'TWtc4XoHtG', '+989514083549'),
(48, 'GRNWownRQF', '+989619959556'),
(49, 'rbzWyF6gn2', '+989569506062'),
(50, 'mTH0MklxCB', '+989626230036');

-- --------------------------------------------------------

--
-- Table structure for table `foods`
--

CREATE TABLE `foods` (
  `id` int(11) NOT NULL,
  `name` varchar(255) NOT NULL
) ENGINE=InnoDB DEFAULT CHARSET=utf8mb4;

--
-- Dumping data for table `foods`
--

INSERT INTO `foods` (`id`, `name`) VALUES
(1, '6U7RgHjWr1'),
(2, 'vcSz0C3AXp'),
(3, 'cInNnKdJUV'),
(4, 'yvFLZjKEMX'),
(5, 'H8RkBOjM1f'),
(6, 't9uhhy5M3y'),
(7, 'yBfZvBBH2V'),
(8, 'aEKYK93cTa'),
(9, 'p1GxpQQGmf'),
(10, 'q3XerJTENP'),
(11, 'YpSjy437r0'),
(12, 'PcZLJVNOFd'),
(13, 'x90XCu5e92'),
(14, 'VidP0yyhcb'),
(15, '1A5PlgIw0J'),
(16, 'QWoG0gqeWo'),
(17, 'KGPHpsgggS'),
(18, 'Xj1SorITmM'),
(19, 'QmWgQv8cUV'),
(20, 'ZH dO1buvc'),
(21, 'zMKPxyLrZC'),
(22, 'txhDU2sxrr'),
(23, 'vJ3HFcpf7c'),
(24, 'gVAa5H3AI8'),
(25, 'wOmdwHjVQe'),
(26, 'AxHQUhMC2b'),
(27, 'GskAxoSPIJ'),
(28, 'vQqZL5Nfn1'),
(29, '4LFs3cg0jU'),
(30, 'akmfm8dkLQ'),
(31, 'gBA3q8s8OT'),
(32, 'aR5qMxfxJX'),
(33, '0do01bTJGQ'),
(34, 'l8G2qeqsSW'),
(35, '9PqoinmwIb'),
(36, 'lEevkAPhqd'),
(37, '5li nJ 669'),
(38, 'iS9beBJc7y'),
(39, 'ASjIiDRCQI'),
(40, 'eZKMcF04y1'),
(41, 'N czjjoegk'),
(42, 'c28CS kOrY'),
(43, 'Uh5bw4Cb0m'),
(44, 'oa8NKy7z8E'),
(45, 'M511NxS3WJ'),
(46, 'vSIxyAlCUi'),
(47, 'OIDYwgW6CV'),
(48, 'Unv2eieL w'),
(49, 'wNzO98v6EU'),
(50, 'TdQQpU25Wu');

-- --------------------------------------------------------

--
-- Table structure for table `orders`
--

CREATE TABLE `orders` (
  `id` int(11) NOT NULL,
  `customer_id` int(11) NOT NULL,
  `restaurant_food_id` int(11) NOT NULL,
  `rate` tinyint(1) NOT NULL
) ENGINE=InnoDB DEFAULT CHARSET=utf8mb4;

--
-- Dumping data for table `orders`
--

INSERT INTO `orders` (`id`, `customer_id`, `restaurant_food_id`, `rate`) VALUES
(1, 31, 301, 2),
(2, 26, 684, 1),
(3, 27, 831, 2),
(4, 4, 1138, 5),
(5, 33, 115, 3),
(6, 37, 298, 5),
(7, 45, 1144, 2),
(8, 5, 1748, 4),
(9, 24, 1679, 2),
(10, 47, 605, 5),
(11, 40, 391, 3),
(12, 1, 1542, 5),
(13, 40, 2449, 4),
(14, 23, 2448, 2),
(15, 7, 658, 3),
(16, 40, 1026, 1),
(17, 41, 1839, 2),
(18, 48, 2246, 5),
(19, 29, 689, 5),
(20, 46, 1578, 3),
(21, 11, 610, 5),
(22, 17, 866, 3),
(23, 14, 1636, 2),
(24, 2, 1453, 2),
(25, 35, 213, 2),
(26, 29, 882, 4),
(27, 8, 1402, 1),
(28, 13, 2129, 2),
(29, 15, 2113, 2),
(30, 23, 1865, 4),
(31, 15, 391, 5),
(32, 36, 1282, 1),
(33, 31, 1530, 4),
(34, 14, 1981, 5),
(35, 42, 1893, 4),
(36, 30, 26, 5),
(37, 43, 2496, 1),
(38, 20, 2182, 2),
(39, 27, 187, 5),
(40, 45, 1120, 2),
(41, 32, 2475, 3),
(42, 36, 393, 5),
(43, 15, 259, 5),
(44, 20, 2332, 5),
(45, 29, 2379, 2),
(46, 14, 1894, 2),
(47, 12, 937, 4),
(48, 8, 2435, 3),
(49, 39, 679, 4),
(50, 19, 526, 5),
(51, 13, 630, 4),
(52, 36, 2162, 2),
(53, 40, 722, 2),
(54, 43, 38, 3),
(55, 44, 362, 5),
(56, 45, 2446, 1),
(57, 13, 479, 3),
(58, 17, 1011, 1),
(59, 37, 928, 4),
(60, 22, 920, 3),
(61, 31, 253, 4),
(62, 25, 1611, 4),
(63, 41, 1304, 5),
(64, 7, 1756, 3),
(65, 22, 1982, 1),
(66, 25, 1483, 1),
(67, 27, 181, 1),
(68, 50, 1265, 5),
(69, 34, 1879, 2),
(70, 41, 2196, 3),
(71, 7, 1985, 2),
(72, 49, 1739, 4),
(73, 34, 1841, 1),
(74, 14, 1886, 1),
(75, 5, 1721, 4),
(76, 16, 213, 1),
(77, 3, 1833, 1),
(78, 1, 896, 3),
(79, 33, 1612, 4),
(80, 48, 2470, 1),
(81, 16, 661, 2),
(82, 16, 264, 5),
(83, 29, 1093, 4),
(84, 47, 297, 3),
(85, 36, 1253, 4),
(86, 32, 1525, 1),
(87, 45, 1507, 4),
(88, 31, 2387, 2),
(89, 23, 713, 2),
(90, 43, 584, 4),
(91, 46, 846, 2),
(92, 41, 2204, 2),
(93, 1, 124, 3),
(94, 1, 1020, 4),
(95, 27, 1502, 5),
(96, 16, 2042, 2),
(97, 7, 1476, 1),
(98, 35, 1270, 2),
(99, 13, 906, 3),
(100, 34, 2173, 3),
(101, 5, 9, 4),
(102, 19, 764, 3),
(103, 47, 741, 2),
(104, 31, 876, 5),
(105, 8, 675, 5),
(106, 19, 1014, 5),
(107, 10, 1151, 5),
(108, 47, 1105, 4),
(109, 1, 788, 5),
(110, 2, 209, 2),
(111, 20, 1564, 2),
(112, 48, 1492, 4),
(113, 4, 266, 1),
(114, 47, 169, 2),
(115, 44, 2457, 1),
(116, 21, 197, 5),
(117, 31, 1265, 5),
(118, 29, 2004, 3),
(119, 6, 2395, 3),
(120, 22, 2491, 3),
(121, 1, 1381, 5),
(122, 42, 82, 1),
(123, 26, 1680, 5),
(124, 49, 417, 3),
(125, 13, 2435, 1),
(126, 39, 614, 5),
(127, 12, 445, 2),
(128, 43, 678, 2),
(129, 19, 1698, 3),
(130, 11, 129, 3),
(131, 43, 493, 1),
(132, 8, 1280, 2),
(133, 36, 1427, 2),
(134, 32, 2477, 2),
(135, 8, 944, 1),
(136, 40, 1430, 4),
(137, 44, 1234, 2),
(138, 18, 1889, 1),
(139, 11, 1443, 5),
(140, 39, 840, 4),
(141, 14, 2020, 5),
(142, 6, 560, 4),
(143, 41, 1526, 1),
(144, 27, 271, 2),
(145, 24, 768, 1),
(146, 11, 2025, 3),
(147, 25, 1406, 2),
(148, 18, 1837, 3),
(149, 7, 2376, 5),
(150, 35, 358, 5),
(151, 19, 1361, 3),
(152, 37, 2345, 4),
(153, 44, 1998, 3),
(154, 28, 1148, 2),
(155, 21, 1987, 5),
(156, 2, 1166, 4),
(157, 31, 2063, 1),
(158, 36, 1113, 5),
(159, 2, 226, 5),
(160, 4, 969, 1),
(161, 49, 267, 4),
(162, 48, 1153, 2),
(163, 44, 512, 5),
(164, 17, 2148, 5),
(165, 47, 35, 1),
(166, 48, 1201, 2),
(167, 28, 1716, 1),
(168, 3, 879, 1),
(169, 37, 739, 1),
(170, 33, 2045, 4),
(171, 48, 1954, 4),
(172, 20, 1179, 1),
(173, 49, 1257, 1),
(174, 50, 1354, 4),
(175, 50, 302, 3),
(176, 25, 552, 5),
(177, 46, 1773, 3),
(178, 47, 2471, 1),
(179, 41, 1019, 4),
(180, 35, 1378, 3),
(181, 18, 1152, 2),
(182, 21, 562, 5),
(183, 40, 1390, 1),
(184, 26, 103, 3),
(185, 20, 2123, 3),
(186, 38, 2399, 4),
(187, 33, 1263, 4),
(188, 41, 272, 2),
(189, 38, 1771, 3),
(190, 42, 2134, 1),
(191, 2, 2007, 1),
(192, 40, 1291, 3),
(193, 4, 2475, 1),
(194, 39, 750, 1),
(195, 48, 202, 5),
(196, 49, 1502, 1),
(197, 26, 1147, 3),
(198, 48, 263, 4),
(199, 15, 360, 2),
(200, 17, 1452, 5),
(201, 24, 1070, 5),
(202, 4, 2485, 2),
(203, 23, 914, 1),
(204, 40, 834, 3),
(205, 11, 686, 5),
(206, 47, 2031, 3),
(207, 43, 1710, 4),
(208, 39, 918, 1),
(209, 33, 2461, 5),
(210, 46, 2332, 3),
(211, 4, 490, 1),
(212, 43, 331, 5),
(213, 36, 625, 3),
(214, 43, 992, 2),
(215, 3, 2231, 1),
(216, 32, 404, 5),
(217, 7, 1747, 5),
(218, 39, 1561, 2),
(219, 28, 1423, 5),
(220, 24, 646, 4),
(221, 16, 2234, 1),
(222, 2, 1164, 2),
(223, 3, 1301, 4),
(224, 15, 1243, 2),
(225, 48, 882, 1),
(226, 24, 956, 1),
(227, 43, 2359, 1),
(228, 50, 1295, 2),
(229, 38, 1402, 1),
(230, 2, 1549, 5),
(231, 34, 225, 1),
(232, 49, 684, 4),
(233, 23, 2281, 4),
(234, 2, 98, 2),
(235, 43, 1347, 5),
(236, 16, 1512, 1),
(237, 5, 625, 1),
(238, 22, 417, 1),
(239, 24, 240, 4),
(240, 11, 857, 3),
(241, 18, 1958, 3),
(242, 34, 1783, 4),
(243, 36, 2212, 3),
(244, 25, 1410, 5),
(245, 16, 2153, 4),
(246, 32, 1925, 3),
(247, 4, 2426, 3),
(248, 38, 1047, 5),
(249, 30, 879, 2),
(250, 44, 1549, 5),
(251, 5, 686, 4),
(252, 24, 1807, 2),
(253, 36, 247, 2),
(254, 12, 140, 3),
(255, 41, 2449, 2),
(256, 26, 2295, 1),
(257, 46, 671, 5),
(258, 6, 1643, 5),
(259, 1, 1420, 3),
(260, 18, 872, 5),
(261, 16, 346, 5),
(262, 34, 785, 4),
(263, 7, 1952, 2),
(264, 34, 188, 4),
(265, 20, 352, 3),
(266, 48, 1063, 5),
(267, 26, 706, 2),
(268, 43, 449, 3),
(269, 6, 1703, 3),
(270, 49, 85, 1),
(271, 35, 1422, 1),
(272, 6, 1608, 1),
(273, 47, 517, 3),
(274, 32, 308, 4),
(275, 34, 1905, 3),
(276, 13, 1739, 5),
(277, 43, 167, 5),
(278, 3, 848, 5),
(279, 18, 529, 4),
(280, 6, 1207, 4),
(281, 23, 1450, 2),
(282, 50, 1226, 5),
(283, 34, 1776, 2),
(284, 7, 119, 2),
(285, 48, 715, 3),
(286, 38, 396, 2),
(287, 38, 454, 3),
(288, 30, 542, 4),
(289, 16, 2038, 1),
(290, 25, 2105, 3),
(291, 24, 2356, 1),
(292, 18, 797, 2),
(293, 8, 1643, 5),
(294, 22, 1700, 4),
(295, 13, 867, 4),
(296, 12, 1363, 5),
(297, 3, 394, 4),
(298, 33, 1700, 5),
(299, 37, 825, 5),
(300, 1, 250, 3),
(301, 21, 799, 3),
(302, 24, 579, 5),
(303, 5, 1570, 4),
(304, 29, 2166, 3),
(305, 22, 985, 4),
(306, 44, 841, 5),
(307, 20, 664, 4),
(308, 33, 1373, 4),
(309, 21, 1240, 3),
(310, 37, 1795, 3),
(311, 35, 579, 2),
(312, 32, 2448, 5),
(313, 39, 1519, 5),
(314, 7, 1074, 2),
(315, 37, 1011, 2),
(316, 30, 438, 3),
(317, 45, 405, 1),
(318, 2, 1228, 4),
(319, 40, 2282, 5),
(320, 10, 1088, 3),
(321, 22, 1955, 3),
(322, 20, 2429, 2),
(323, 9, 390, 4),
(324, 7, 109, 3),
(325, 46, 1829, 3),
(326, 31, 1609, 5),
(327, 12, 580, 5),
(328, 12, 1453, 3),
(329, 6, 1433, 4),
(330, 31, 818, 1),
(331, 20, 1136, 4),
(332, 41, 1105, 5),
(333, 40, 1266, 2),
(334, 35, 406, 3),
(335, 7, 26, 5),
(336, 30, 2253, 5),
(337, 46, 2134, 5),
(338, 4, 2065, 4),
(339, 38, 246, 3),
(340, 28, 2185, 3),
(341, 7, 1249, 3),
(342, 20, 933, 3),
(343, 30, 797, 1),
(344, 38, 363, 2),
(345, 17, 458, 1),
(346, 3, 1409, 2),
(347, 40, 2375, 4),
(348, 22, 1163, 1),
(349, 49, 1472, 4),
(350, 37, 507, 5),
(351, 42, 1706, 1),
(352, 3, 2173, 3),
(353, 13, 1101, 3),
(354, 5, 1332, 4),
(355, 14, 2109, 5),
(356, 19, 2256, 2),
(357, 48, 55, 5),
(358, 1, 1078, 4),
(359, 3, 543, 3),
(360, 26, 1585, 1),
(361, 49, 2473, 3),
(362, 8, 1286, 1),
(363, 19, 2490, 3),
(364, 7, 1390, 3),
(365, 15, 1938, 4),
(366, 7, 1886, 2),
(367, 12, 133, 3),
(368, 3, 262, 1),
(369, 17, 1005, 1),
(370, 27, 2225, 1),
(371, 48, 2015, 3),
(372, 19, 1022, 1),
(373, 40, 701, 3),
(374, 32, 1728, 1),
(375, 35, 2265, 1),
(376, 12, 804, 2),
(377, 16, 360, 2),
(378, 20, 102, 1),
(379, 8, 371, 1),
(380, 11, 1647, 3),
(381, 16, 418, 4),
(382, 10, 1397, 2),
(383, 25, 1904, 4),
(384, 34, 1326, 5),
(385, 36, 889, 4),
(386, 44, 2058, 3),
(387, 15, 202, 4),
(388, 11, 936, 1),
(389, 10, 795, 2),
(390, 4, 639, 4),
(391, 5, 1466, 2),
(392, 44, 1436, 5),
(393, 31, 1355, 3),
(394, 39, 1078, 5),
(395, 25, 1487, 3),
(396, 29, 1656, 2),
(397, 2, 1840, 3),
(398, 45, 110, 1),
(399, 6, 331, 4),
(400, 13, 836, 2),
(401, 8, 1691, 1),
(402, 39, 1757, 4),
(403, 23, 1638, 4),
(404, 37, 110, 2),
(405, 6, 1759, 5),
(406, 13, 705, 1),
(407, 50, 1926, 3),
(408, 46, 435, 5),
(409, 26, 1514, 5),
(410, 13, 1087, 5),
(411, 1, 2444, 1),
(412, 25, 1577, 4),
(413, 45, 517, 2),
(414, 6, 2422, 3),
(415, 23, 1783, 5),
(416, 30, 1181, 1),
(417, 40, 57, 4),
(418, 15, 1802, 5),
(419, 27, 958, 1),
(420, 36, 1969, 4),
(421, 28, 1267, 3),
(422, 14, 1942, 1),
(423, 27, 1566, 1),
(424, 26, 1823, 5),
(425, 3, 765, 3),
(426, 3, 1674, 3),
(427, 25, 2365, 5),
(428, 17, 729, 2),
(429, 8, 1617, 5),
(430, 45, 1071, 1),
(431, 5, 247, 4),
(432, 25, 572, 3),
(433, 49, 1359, 2),
(434, 38, 1209, 1),
(435, 11, 519, 1),
(436, 41, 959, 5),
(437, 27, 831, 2),
(438, 3, 2304, 1),
(439, 38, 683, 5),
(440, 45, 2008, 2),
(441, 29, 761, 3),
(442, 17, 2134, 3),
(443, 23, 1808, 1),
(444, 2, 403, 5),
(445, 12, 1497, 5),
(446, 21, 2452, 1),
(447, 5, 1378, 2),
(448, 33, 943, 1),
(449, 49, 1588, 2),
(450, 1, 1737, 4),
(451, 25, 719, 2),
(452, 12, 1869, 2),
(453, 4, 1457, 4),
(454, 18, 720, 4),
(455, 45, 979, 2),
(456, 24, 2294, 5),
(457, 46, 206, 5),
(458, 30, 1902, 1),
(459, 44, 783, 3),
(460, 11, 73, 2),
(461, 40, 265, 4),
(462, 15, 413, 2),
(463, 7, 1495, 2),
(464, 19, 815, 3),
(465, 7, 780, 4),
(466, 23, 208, 3),
(467, 44, 626, 5),
(468, 31, 843, 2),
(469, 32, 1865, 1),
(470, 14, 257, 3),
(471, 8, 266, 2),
(472, 9, 44, 4),
(473, 15, 1621, 3),
(474, 2, 290, 4),
(475, 40, 1180, 1),
(476, 34, 276, 3),
(477, 29, 2104, 2),
(478, 48, 281, 5),
(479, 20, 301, 2),
(480, 31, 167, 4),
(481, 50, 675, 2),
(482, 30, 1562, 4),
(483, 32, 598, 4),
(484, 34, 1377, 4),
(485, 43, 903, 5),
(486, 2, 538, 2),
(487, 43, 368, 1),
(488, 42, 1746, 2),
(489, 15, 234, 5),
(490, 21, 722, 5),
(491, 27, 2256, 3),
(492, 6, 778, 4),
(493, 42, 2443, 4),
(494, 27, 2141, 3),
(495, 36, 972, 5),
(496, 27, 780, 2),
(497, 36, 143, 2),
(498, 49, 93, 2),
(499, 47, 729, 3),
(500, 38, 2200, 2),
(501, 41, 1718, 5),
(502, 24, 231, 5),
(503, 16, 1971, 5),
(504, 46, 1524, 3),
(505, 23, 1762, 5),
(506, 34, 1338, 3),
(507, 18, 1083, 5),
(508, 23, 357, 4),
(509, 11, 2456, 1),
(510, 4, 1988, 2),
(511, 16, 2336, 3),
(512, 21, 2052, 4),
(513, 41, 1827, 5),
(514, 25, 443, 5),
(515, 1, 1517, 1),
(516, 48, 2460, 4),
(517, 5, 2214, 1),
(518, 32, 525, 4),
(519, 46, 1306, 2),
(520, 41, 356, 2),
(521, 15, 1097, 4),
(522, 14, 480, 2),
(523, 22, 2237, 3),
(524, 45, 23, 2),
(525, 25, 1531, 2),
(526, 20, 490, 3),
(527, 36, 2395, 4),
(528, 39, 332, 2),
(529, 25, 316, 5),
(530, 43, 932, 4),
(531, 5, 335, 1),
(532, 26, 1888, 4),
(533, 11, 127, 3),
(534, 9, 511, 3),
(535, 47, 5, 2),
(536, 10, 1205, 1),
(537, 29, 630, 2),
(538, 39, 2047, 5),
(539, 27, 1709, 4),
(540, 38, 2168, 2),
(541, 37, 2295, 2),
(542, 49, 1875, 3),
(543, 35, 2424, 4),
(544, 21, 1165, 5),
(545, 37, 1146, 3),
(546, 6, 1094, 5),
(547, 47, 2471, 3),
(548, 48, 716, 2),
(549, 11, 939, 4),
(550, 21, 2422, 1),
(551, 38, 191, 3),
(552, 39, 1167, 1),
(553, 20, 1829, 5),
(554, 13, 1605, 3),
(555, 11, 2060, 2),
(556, 43, 93, 1),
(557, 32, 801, 5),
(558, 1, 639, 5),
(559, 13, 1345, 3),
(560, 17, 2315, 3),
(561, 7, 459, 3),
(562, 45, 13, 5),
(563, 38, 1158, 2),
(564, 15, 189, 4),
(565, 22, 1114, 5),
(566, 33, 536, 5),
(567, 45, 1722, 4),
(568, 22, 2443, 5),
(569, 40, 2361, 3),
(570, 16, 2308, 1),
(571, 30, 609, 2),
(572, 24, 2305, 4),
(573, 44, 2252, 4),
(574, 1, 535, 5),
(575, 7, 2495, 4),
(576, 20, 1143, 5),
(577, 5, 1185, 4),
(578, 28, 408, 1),
(579, 40, 350, 4),
(580, 34, 1562, 1),
(581, 43, 610, 1),
(582, 35, 484, 2),
(583, 24, 2249, 4),
(584, 46, 1047, 1),
(585, 30, 56, 5),
(586, 44, 1435, 3),
(587, 10, 946, 2),
(588, 42, 2181, 1),
(589, 25, 1189, 4),
(590, 33, 748, 3),
(591, 11, 2353, 1),
(592, 24, 631, 3),
(593, 47, 2128, 2),
(594, 15, 1451, 5),
(595, 10, 1009, 5),
(596, 34, 2192, 3),
(597, 20, 948, 5),
(598, 46, 5, 4),
(599, 8, 2056, 1),
(600, 35, 1655, 1),
(601, 8, 2102, 1),
(602, 38, 1081, 1),
(603, 18, 1747, 1),
(604, 8, 2305, 1),
(605, 12, 1668, 4),
(606, 50, 2094, 1),
(607, 15, 741, 1),
(608, 30, 1810, 4),
(609, 17, 2498, 2),
(610, 26, 2042, 2),
(611, 24, 1873, 3),
(612, 4, 1671, 2),
(613, 20, 1622, 4),
(614, 3, 573, 2),
(615, 33, 748, 3),
(616, 37, 1675, 2),
(617, 50, 1963, 5),
(618, 23, 576, 1),
(619, 2, 2396, 4),
(620, 3, 2137, 2),
(621, 21, 2007, 4),
(622, 3, 654, 5),
(623, 1, 939, 4),
(624, 49, 347, 2),
(625, 15, 1172, 3),
(626, 1, 1566, 1),
(627, 38, 1893, 1),
(628, 36, 1612, 1),
(629, 20, 790, 3),
(630, 43, 645, 1),
(631, 8, 1498, 2),
(632, 40, 1000, 1),
(633, 35, 43, 4),
(634, 2, 429, 5),
(635, 1, 678, 5),
(636, 1, 100, 3),
(637, 2, 2221, 4),
(638, 40, 2492, 5),
(639, 36, 2290, 5),
(640, 18, 2318, 2),
(641, 44, 740, 3),
(642, 3, 1130, 3),
(643, 27, 1027, 1),
(644, 38, 676, 1),
(645, 34, 2226, 4),
(646, 41, 1394, 2),
(647, 44, 935, 2),
(648, 36, 2188, 5),
(649, 49, 172, 1),
(650, 18, 1409, 3),
(651, 8, 2103, 3),
(652, 8, 1606, 2),
(653, 29, 965, 2),
(654, 36, 583, 5),
(655, 12, 290, 4),
(656, 42, 1329, 4),
(657, 39, 1050, 2),
(658, 49, 275, 5),
(659, 5, 353, 2),
(660, 44, 1022, 3),
(661, 25, 2386, 1),
(662, 24, 1655, 2),
(663, 37, 42, 5),
(664, 21, 1641, 4),
(665, 10, 340, 5),
(666, 8, 1201, 3),
(667, 26, 544, 3),
(668, 39, 2281, 5),
(669, 43, 963, 2),
(670, 25, 2233, 5),
(671, 19, 1873, 4),
(672, 15, 273, 1),
(673, 22, 1826, 1),
(674, 49, 1515, 1),
(675, 35, 694, 4),
(676, 31, 1743, 2),
(677, 24, 74, 3),
(678, 42, 1349, 4),
(679, 16, 737, 4),
(680, 11, 1023, 2),
(681, 29, 1212, 3),
(682, 15, 1891, 2),
(683, 14, 1197, 5),
(684, 49, 1428, 2),
(685, 42, 393, 1),
(686, 15, 1695, 3),
(687, 40, 1429, 3),
(688, 29, 1134, 1),
(689, 10, 847, 3),
(690, 32, 1422, 2),
(691, 45, 767, 5),
(692, 16, 1330, 4),
(693, 30, 1465, 4),
(694, 23, 1250, 4),
(695, 39, 854, 2),
(696, 18, 932, 1),
(697, 31, 280, 5),
(698, 29, 715, 5),
(699, 38, 2492, 3),
(700, 13, 742, 1),
(701, 24, 2392, 5),
(702, 49, 1130, 5),
(703, 39, 2441, 4),
(704, 8, 1110, 1),
(705, 20, 1827, 4),
(706, 39, 393, 4),
(707, 7, 161, 4),
(708, 38, 1456, 2),
(709, 25, 935, 1),
(710, 11, 2177, 4),
(711, 33, 1887, 5),
(712, 15, 1680, 3),
(713, 49, 1174, 3),
(714, 21, 178, 3),
(715, 27, 1702, 3),
(716, 36, 1970, 1),
(717, 11, 2431, 1),
(718, 41, 945, 3),
(719, 8, 1312, 4),
(720, 35, 1130, 5),
(721, 22, 896, 2),
(722, 4, 1761, 2),
(723, 32, 1343, 3),
(724, 47, 1769, 2),
(725, 2, 1828, 3),
(726, 45, 2256, 3),
(727, 20, 2022, 5),
(728, 8, 332, 3),
(729, 30, 195, 1),
(730, 23, 2464, 4),
(731, 3, 496, 1),
(732, 21, 1176, 4),
(733, 33, 456, 3),
(734, 31, 1731, 1),
(735, 41, 1370, 3),
(736, 37, 721, 4),
(737, 15, 1796, 1),
(738, 21, 903, 2),
(739, 18, 1713, 1),
(740, 15, 767, 5),
(741, 1, 1864, 3),
(742, 50, 1431, 3),
(743, 50, 1351, 4),
(744, 47, 194, 5),
(745, 36, 1616, 2),
(746, 47, 445, 3),
(747, 24, 1953, 1),
(748, 32, 1253, 5),
(749, 24, 2404, 3),
(750, 4, 672, 5),
(751, 42, 2379, 2),
(752, 33, 1823, 4),
(753, 47, 1742, 5),
(754, 30, 1951, 5),
(755, 16, 1105, 4),
(756, 9, 247, 5),
(757, 7, 1577, 2),
(758, 3, 2498, 3),
(759, 25, 596, 3),
(760, 34, 2399, 5),
(761, 21, 2147, 4),
(762, 35, 1337, 4),
(763, 48, 965, 5),
(764, 11, 463, 2),
(765, 26, 1654, 4),
(766, 48, 1091, 3),
(767, 34, 1249, 1),
(768, 40, 1306, 1),
(769, 34, 454, 1),
(770, 4, 2344, 3),
(771, 44, 1872, 2),
(772, 12, 114, 2),
(773, 11, 1043, 4),
(774, 36, 1765, 2),
(775, 45, 105, 2),
(776, 39, 1867, 2),
(777, 50, 720, 3),
(778, 21, 1043, 2),
(779, 28, 1534, 1),
(780, 19, 1851, 4),
(781, 2, 2026, 1),
(782, 43, 1059, 1),
(783, 15, 2412, 3),
(784, 12, 151, 2),
(785, 35, 638, 3),
(786, 33, 472, 1),
(787, 10, 636, 3),
(788, 7, 37, 3),
(789, 21, 838, 3),
(790, 28, 897, 1),
(791, 45, 1564, 4),
(792, 1, 2342, 3),
(793, 13, 2281, 4),
(794, 36, 1184, 2),
(795, 36, 413, 1),
(796, 46, 1389, 5),
(797, 3, 954, 2),
(798, 28, 1986, 2),
(799, 29, 1382, 4),
(800, 49, 1056, 4),
(801, 49, 426, 5),
(802, 31, 1908, 1),
(803, 8, 447, 2),
(804, 21, 2438, 1),
(805, 13, 548, 3),
(806, 47, 2061, 4),
(807, 33, 270, 2),
(808, 33, 1109, 1),
(809, 1, 458, 3),
(810, 14, 215, 3),
(811, 31, 175, 3),
(812, 6, 1752, 5),
(813, 29, 1035, 3),
(814, 7, 274, 5),
(815, 48, 1956, 4),
(816, 48, 1082, 5),
(817, 4, 1310, 3),
(818, 27, 724, 1),
(819, 37, 393, 1),
(820, 30, 1272, 4),
(821, 27, 420, 2),
(822, 32, 6, 1),
(823, 49, 1396, 2),
(824, 33, 188, 4),
(825, 47, 2422, 1),
(826, 33, 1074, 1),
(827, 8, 1378, 3),
(828, 20, 585, 5),
(829, 12, 1654, 1),
(830, 31, 1632, 3),
(831, 16, 844, 1),
(832, 15, 584, 5),
(833, 25, 1821, 3);

-- --------------------------------------------------------

--
-- Table structure for table `restaurants`
--

CREATE TABLE `restaurants` (
  `id` int(11) NOT NULL,
  `name` varchar(255) NOT NULL,
  `address` varchar(255) NOT NULL
) ENGINE=InnoDB DEFAULT CHARSET=utf8mb4;

--
-- Dumping data for table `restaurants`
--

INSERT INTO `restaurants` (`id`, `name`, `address`) VALUES
(1, 'nS2lK0JMkT', '4rhREe VsW3MojO1nnzbqMEuNwD9x5mCSL5esIdFUb47xt4w3bgLfhETh9FPzoOp2dDH3qGCP6eSfSQCW0lxFxjLTCo6omWG4BgENjXW4mey Yhv8Mq'),
(2, 'z21oWJncd9', 'UlhuO8ox j7Vn21GbMCi2NA1Q5dA7tFExUi3w6a0BnRR2rgDL75SXCQmHTjPyE'),
(3, 'afoG6EY0Ka', 'hRioOqA8z7aoEcpBnLxRT3w34r7Lir7mhw2SsyHvFi9Xjur2q3PDEFtdjEh1wesCt1pY0EPYaCZPzNeKaiDXXufq5a5ZpgPwJRMBc58KgS5NqEy6byD0mDHd5oZ0aKFWV3gFgDYOqYpd56jLpzMENbL8NS1XD7N3oZqLbgq2lFiorJNzTBGtlU6q0yuN'),
(4, 'c0UzdJIDbx', 'vnOjAseNoAkrrgUzeOeKylj9FjVeO9lJw35uqzqw2Olj0xPDhcsB2VMZ0zlzBrVpc5dHNjXcx6ywY6FWP3dcJUj7Je2VTYrjEfMHI56oj8gh71p6kAoKJGrPYAsMAaABXtm3NQ51TbHgPRM24 e3FwgTqslIPAtXPnuCoQfwp3nBO6V6Ui4oL'),
(5, 'NZuMyOIC9X', 'PPhf2MyviyVeVGcY Mpj5fzwjwz4vFndUK3EOI21R0B71m5PXMAl'),
(6, 'hchCJwU2zG', '525C0WtEveE qqbKVeJWzeG3FSkLlPRx0LrgxZvhOHkJKPhm0Ir8VMCV67K5MEQyQzbTTp8KRw9shPptD7F Ui8LeclQGCNNgBA6DvEswVzL2'),
(7, 'BlyuToMIe8', 'pyA3RCucjFxv0cavMfsYTaPzKlnEg8w0aWqs8dkw5DXhVWWtkP4XX87uonMDKds4xuwCcMwrnXf2RJluVMuFWFXtDECZd7HWqz4H6RsW1uiU5NIsFcJKxeFoucvcf6VFVRuJ1UW8CwBHat2QaaDAO9xQs5EPdbxATpCZSTfGMxVBS9PpjwnxA4e'),
(8, 'FYlak0QjGL', 'YHr2k33Oetgjs5s1xkPOyTxOpZR4aLGVlwctMG0XKmLIqrVPlEkpVQzAasyJ4waWm2IH4k7ChWFbBgebRQ4EXuJ7o0xxjSaCzCAqNmpaL8QVNUc1AtA'),
(9, 'jCkvabfXnx', 'PVV8KshOxh9ZJJTBHbp2QqwxIREuppKgfaDNXEwY9xyB3lqxYqssUsEuzKx6OEGXuTjuADQg25fpSQohKJcUM9UtSQfE4WzlzG2uY1qJkLQNlfWr9U0NGU6'),
(10, 'daNT2D5vyx', '7Bdl6vHreHw3h5iX3zdwt60faSOve8qGIXIS7XRj IT6cijOXY92nPenjE1I0cm37F2emCHiruDx5lR5RT 6ol62XS2RPOAux2FEScuCD1PoqvtXLfQx8SRmCYbAaTmRlL 63RqvcfXqDT3P2 gHvAIfeqhJw2No414oPnhsczt0CsUpmexwiTIQhMFfItd6PWsw'),
(11, 'cWRuqIJ31K', 'tA7XKFdnXz SSQsVGIyZpualP8RJFsa4y55iBljhEjfi7a03BMR0w3jDiTAI9D0o9 hHCOJPArAbLIabr2H'),
(12, 'i vjb4iWMk', 'CGDTL h3IzMKLks85XmCyAO4JeoQKFK sX8uX3xAhBYl4qoN0bwjFfkw4YwM3bjt2b9e9QHsgFxBuP84pH 1R9w'),
(13, 'c0tuPaBWcx', 'MU1yAF7CLgf5KicVcqcyLsGwrRctpKcywCY2th3YDXpnFHtcTeO5h3MlHVEMZe'),
(14, 'X1FBkHXnaK', 'FF6ttJtlv 9 aGIGI3coRG9HVLb86pgMAemvUnQg4n6 hREulos74kAZR16CAsReNBpQS5Fowx6uExWpr93 '),
(15, 'Nspxt6aryP', 'wV7jfg94TLWf4BPYMgoi3cKKao4Z6ir06CEIhsf2Q0fD3DBClEQmM3IMubfyf3SZsJAPmvT6 kZImunx0VODfWBHO1Oy2lCTVgnAR2QWHxC1kAy 5hwY7LSeyHR4C0jPx'),
(16, 'm2JZlFfYXu', 'h9M bBa9KmDhJEWLpcJu7YEKyWACjdn1YSoOf0MmYrj3pmlysSs33rTjur82JyJ9oOFbLgGeKWgtK8N6asANcE0rXglQhKU4TdOymYyZ9jIa4ELuE0paKrCzzRJ'),
(17, 'jDdhnnZ46d', 'V5vi2T2hwfyJjRbq hQcRCsPHt5BfwGMr4NiMqTilIj0zLUW4lvKd0MMySLZg7QqTSPu0vdNfUvUpjJrqsk2nN61mx1nz3hl4feOU2RgPcGtGpCAA9PqWMYJaULxzSEYm r9tzXMR5UFLZyYHIf7'),
(18, 'pgWZhvy2at', 'HwhJEmFGZRJJ3Mxkzjs1yH8vIug5UxkMCqziWbX3UC3y5TEDqVvXSb6WtrOHi158IF3f1qZWXaGwEqTPH5pb8EToAgZJ2Lp1gdWMHVw0V0A4zlhJfc J4'),
(19, 'ETb8c00aev', 'WYwT9eCtfWL1 FwSWWBBnwGpOraCzKyeM9HnBCpRRN8NWhr4wC2yFytNCh9mxhEaa47cpzqg18D ZEwVSONcNjYNrDlF1m5GXcpYZgmus6UxWl V8xq9YFKagiW2DS0C wKVECQeTIIqI9InqCORr6UpSIstfbSAw9EtOOTB7AMXwVjKp214jEhdS6Rs5R6'),
(20, 'rpA9yg8bTK', 'AJlRP0b2jl6U3RfrHALa7bw whZEC7Sx3sGdJXBUm33OAaDv85NF1N5E9XoR2PrE hs0'),
(21, 'NRqMsNkWV0', 'CO1XPt4ANL4IQUqLQVEp BTED5PET0hzx1wotCT4SAjosP9dpgn1SNrQyJYtTiS082TyqOkLtKzRlC1Gm7o LjWdjguWcUtqPJbMzrk5Z3KYLSJdKOM12I1udqBX5cS7m4TyyZgf4IpWAu2GRKwL5Fynpesz0m4AkwX0L7RCXYVaaFdZ'),
(22, 'XbxagNr10G', 'Q77pI2Emr7VhAAI8aJMWvCvf0d7cDJW6lTPv7DJaLuKk6 F4D3EAlqs2077sJzKLVcfjXNLLvEZWjdSyaAEaltWf3hzoD9t11GeY9KYEL5 x5RwIEipU4K8RlYHlYdqnAz'),
(23, 'gc9dIYBkxn', 'YfXWshc8GBKW4qtR0px8YQnC4JgwZ0Qqb0yVfdYZR0hyuj5sbzEcTNE2pqZKvUb91eo'),
(24, 'xwOMuYeAvv', '3i4415YPRDGp4mfjwshCJ8ATN2MJ4U0xMza7LGCg7IygFCxgn21CKdDQ'),
(25, 'mDEBb89P6b', 'fkylqy ixVhqFnm0zIw11Ghbi8Y8pzY6XwBmSFKQvIhcyzLy2sTUWu1QHrLI1Uo J gcnQENK3 Xj37iY0nx4R3anhEkOeUnrIYSyUZqrizXv7DCExBQbzdzaMWMGnoCUTwxc QyI2QfM2Dz1sqXjmNZznWkEd3MdQBZDY4TUxOfIhT2k2UHaVKV5gcv319EcmClEAM'),
(26, 'VMdrNc00HE', 'ZrqVPG0ktY8MnZoXpPAnodf2OaTI2sDrLdqQueNqurxocPVwc Bv0Nh3MWI3lYkxlEbpBDvv5I'),
(27, 'EKG9I2K5Er', 'eMM1yTbizHe43T05xFBty7k4SewZMeNF0xsBYbH ByTWZl8kQ0Q2HnOhvbA0hdKENhzTgQfupLGSdS4SpqzWABgpSleNIVorTTU Qgxcm4G7hkn7sWCY4jL6qoLG8d0gGSiEiRPvDqhVno6G3Ksf'),
(28, 'zcJpeFY e2', 'brEmdBtOv449TLSYmJZQR75qBMzC9lTHIrt31UWtFhAfv1qiISjtXS9DmrCx8XI6ol7Sa131fiegEW84aMtgLmEXxIZ2SBoeJFB12Q0wvibI6GXsKRJQ QgMx4b6pWeSkbBxUC4'),
(29, 'cpUck22duE', 'mdj9uLEgB3HrbDqc30iLO tsOa6wyxmJYo3bTJd3WuYAC7KdkvJ47nJDITv6QgIovDsicsoXb9THze EpmW84fDY8RSkxvLdDhUOPLSDDENhLtdguu5wLWmf'),
(30, '7fhE5NvGsf', 'jT37OI6CAf9RksuxO8QzGz6nXL2eWSxc5eVEeQP0DBUubGuhtt4H30qUUFPj1nTnwz0yMn5diOOGdRo fI0eZKSV kpw2xmDNLvDxcBXkC1tHJ4YffEHtU6gt6cclByyz8qb8ds2MdDaFAeBtW1 uCMyefVmbKX04O5tP8LRxbKyRJ2wOFhCLK'),
(31, 'kORo3RzlLE', '5OQZJjOKq4Xb0r4mSEWBmnWLkuEJ0vfArhgSy7mTNTT69 pOw26k6SBu1L9OVEGX9XIyl6 31pgka1KAXDL4n7pVbeoGaXqxd6zno O1WW8x3bJpLt3eo7mQ'),
(32, 'dFs2QtVOFQ', 'NCBGJw4ORCczsDg5MAXptCaQIWAx6IHmdu9yYbYqwRlTkx1cK8PzohtnUWjzTgyZU8WBcU1NcBIUxigIdy3FMqOKZGnW9it5VtTrYhd1Kl46JCvI'),
(33, 'ZH b6lczWr', 'VbRgM3P7gGBUFhMajrMVUg1jYyIgzA3rvBgH5Pf4tQTuFfpaIRAdXPNzj0MJ5G0t9LtLGG5 fDhBFh X3fH1WdLpexI9nMsaj3POEkmVmXVB9 l1Bcs7Yb3ZQFkOlNxN0g9o2vvVY8ruDGG1FVwAEu0WphcHKLO5mEJALkLDWfP6TslYcjunlWjCCx0uzoftU'),
(34, 's8lrTX5D7h', '0tIgX0xQvs3sGmLSpwnqCRCOvZrrAq6o8jR86Tz1mzxXNiLlIqOWuwhvXcHzn44xTEq5HfIMs0Pxxi2k2qk 5nx3Xoqi9'),
(35, 'iEZNljIhDw', 'KgjYk4yAFVU1P39hnPE oBJVUiy4V4TGK7cnicqlEFRQr8tsO794CQc7W5rdL Z5iYBQjwC8w 8OPWefjRDPbPBVzAzlPvhMaAucEjmomfrK34rIBYurwDKDravTHSQGqHcqa'),
(36, 'q6KhZnxNz0', 'UZI7RhEqoUW1zmIIy6VfKaLRuguY Fl8aWkRpa4vI81v7QAWqMQSJfvkz0FfC2OR39MrYb QVDs yKojS V8 WruLny0aNrJryADN1ZYe2LfRpktWM0U3'),
(37, '9PRhKCfRKI', 't81YDz2fuaJIVDDba3QQKyRrhDpzOKqABW4YnwD6R0gXHqVItSnYJqDLvDZb9j7IhAQ3kFwOYOd9AKJjttqtCkGYErmsbei57s0yxmhGkqVZIhaQLUQZq9JROuTdcMkWah0ARH 1okVRWpYEP11mnnN2Dkg6Xowp d7u52HGN2SXh3mU9SuhltXgameP'),
(38, 'um4aksxmGj', 'QoZHb4ajVfCpn58CEOj9klmSm2IXlA9rzLqAwIqCvtfWNJ Qy1g4KcLmfKOc7A10LpE7yCmv0tQTqQONjvZm LJZ9xquzDgsjeROud83Dy7lOu6BC6uyGuOzxWH 9yeS2Ra iWOVtcUo8ASwHDc XWvwn4zyCVtnkzWEDr9aaKKfpYIHzyTb AN0KZBcsmw89oV'),
(39, 'bOxJE7F771', 'N1FbnfREol3g2JCfzzm 5u HX4ADb1PviYu4dJiQ1SxBIX2dLV7HNxcfyH AGsQk6DvN 4vyfVdKVfHjZYB41vaNGjAgbdxVYpkEMaF8bI2g VRmFI6QCNN5Lw3u5TUfiiffvkORTVmWaU5t7trC1em xs'),
(40, '0fFIRXno3Y', 'TQp84IdxUVl1vSBx6IUpXH7nTl3pbyGSaGRO4Y8PnJqxVTSbQBSzqx8Uf0MV9PQcHFYiNOJDEvoPTKtQN'),
(41, '9QPj3 MI8G', 'poupmFmAxKly26wtNieh2VHkX4eYxXMJywp61bOw6Snqcpwf6F'),
(42, '7WMR3RXzZg', 'PHMtZJXetxW3QGVptFWjjYIwjgoCqOciN2AEwyPonQelp7dDIY0gQql1BJRUZDYHhRVDxWdS9x7F5DwgocuKULWQRMpHS3u8N7YDKr884 NfcQ4KIq4wrG52FttruF1 bp1rmzZsCmXduVT7uerQCL67wV3sxmi0aQZ3cZtBNSa 4hnewtrFkU9'),
(43, 'VvKBeu3DGh', 'Gt tIyYYq5dFLGcTwGCb7akhmAmmvsUIuT7dzXXdn7cMAN4k0lgtySr0k9OYQUwD6m0yGObV864qbL6THYZa56Jhr5S3LvVDssDDJzmw3mHLkeeYwZLFGFGpuLylYAR9FzBhWJVCzwSlvho 3cyJjOAt 0zR0lZeTqemyLjeC6A lVkTxqBUoAesPPo1oC'),
(44, 'HITL9YwVQg', 'YaLmUTjCRB8OBjT4IZ4vWt6fiBe6Slw4T37Im7RhAKCvETckA5hbXdd5etgQhFEAx 2Wn4SN aTmrzfjulDbOpqx8oJtip17Ng3zDhPWWjeOjDY0I6onZfuaudMI3gnlv3O'),
(45, 'O9ULdIHfNS', 'ZQ2 13UaVSecP129wbJis7sjaNmOoXMRB8XWmnYciHtXqpCovzv7vynrxoxLe2INCN5Ag23U4CPufXI0Nd'),
(46, 'OMgqnbXBb0', '4GuisYGh8U7Q86 VuaVGiM95r39uEbZQSGo6bUypXm6nG1NNGn8DHhaMwt7n fP6dnecFFzVvgLRpwqn4RQq a5fhFMDI4E3G9aWPDmDE3g0QeZRWQ2w X5lO0h2AhKAqOgrj1BqoAur'),
(47, 'UqmSXEAJWR', 'POWcshS cyhTN4qK2dudPfcpZ4dG1ROVv4LUgTOMTzgbgJ8Uj6ytdhwTbO10fNhTRh1ij01pnav53ha371Y6Y8VfH1ByXtyf Cts Y n76kPr22f5hXesr9ZFbw'),
(48, 'e5AHRGHCsb', '46UmStnEMQyoocWTsx2LRzO js 1Nr7GQw3Njc78WGm7w8YecELOO7oAQDPwasWv6 nTIgU0HopzHhAKBiopX7RULbDcRVs7nIBlfAOg'),
(49, 'BOnEoUNBnj', 'B4yBjFbtWB7goESbLpNPdCyH3QPi 7kgHaoRRy y73QeNz2KvV'),
(50, 'Q2RZX 5y7O', 'NwtHFxEgO 2Ynk021F2X84JhCTgN7db9SlmyuEnzrDlCfJAfOuoE');

-- --------------------------------------------------------

--
-- Table structure for table `restaurant_foods`
--

CREATE TABLE `restaurant_foods` (
  `id` int(11) NOT NULL,
  `restaurant_id` int(11) NOT NULL,
  `food_id` int(11) NOT NULL
) ENGINE=InnoDB DEFAULT CHARSET=utf8mb4;

--
-- Dumping data for table `restaurant_foods`
--

INSERT INTO `restaurant_foods` (`id`, `restaurant_id`, `food_id`) VALUES
(1, 48, 49),
(2, 12, 4),
(3, 12, 10),
(4, 33, 36),
(5, 13, 45),
(6, 25, 8),
(7, 43, 13),
(8, 39, 16),
(9, 50, 36),
(10, 39, 25),
(11, 47, 37),
(12, 29, 49),
(13, 28, 22),
(14, 47, 31),
(15, 22, 28),
(16, 12, 15),
(17, 28, 13),
(18, 14, 17),
(19, 7, 13),
(20, 18, 14),
(21, 19, 23),
(22, 32, 23),
(23, 34, 3),
(24, 23, 30),
(25, 50, 5),
(26, 43, 9),
(27, 21, 47),
(28, 31, 20),
(29, 13, 14),
(30, 9, 47),
(31, 46, 17),
(32, 6, 29),
(33, 5, 14),
(34, 24, 15),
(35, 32, 34),
(36, 31, 19),
(37, 18, 48),
(38, 36, 45),
(39, 20, 29),
(40, 31, 38),
(41, 43, 45),
(42, 1, 35),
(43, 19, 14),
(44, 39, 2),
(45, 7, 24),
(46, 25, 14),
(47, 19, 28),
(48, 50, 24),
(49, 36, 42),
(50, 30, 43),
(51, 28, 34),
(52, 18, 12),
(53, 42, 10),
(54, 16, 3),
(55, 4, 40),
(56, 33, 23),
(57, 14, 16),
(58, 50, 10),
(59, 44, 46),
(60, 2, 22),
(61, 4, 45),
(62, 48, 17),
(63, 8, 25),
(64, 43, 43),
(65, 39, 29),
(66, 36, 32),
(67, 24, 26),
(68, 28, 1),
(69, 10, 31),
(70, 8, 40),
(71, 46, 50),
(72, 2, 41),
(73, 32, 24),
(74, 23, 31),
(75, 40, 31),
(76, 48, 13),
(77, 6, 7),
(78, 46, 13),
(79, 1, 30),
(80, 7, 48),
(81, 23, 26),
(82, 50, 4),
(83, 18, 24),
(84, 15, 10),
(85, 7, 18),
(86, 44, 35),
(87, 41, 18),
(88, 8, 39),
(89, 17, 39),
(90, 34, 50),
(91, 25, 40),
(92, 29, 44),
(93, 8, 13),
(94, 14, 19),
(95, 21, 34),
(96, 50, 18),
(97, 13, 35),
(98, 23, 23),
(99, 7, 6),
(100, 26, 50),
(101, 19, 10),
(102, 39, 38),
(103, 1, 32),
(104, 2, 10),
(105, 44, 19),
(106, 3, 37),
(107, 13, 3),
(108, 25, 29),
(109, 30, 21),
(110, 2, 36),
(111, 45, 36),
(112, 35, 35),
(113, 4, 3),
(114, 6, 16),
(115, 45, 8),
(116, 21, 23),
(117, 2, 11),
(118, 26, 7),
(119, 23, 7),
(120, 17, 8),
(121, 26, 23),
(122, 16, 15),
(123, 9, 38),
(124, 2, 28),
(125, 11, 16),
(126, 44, 10),
(127, 38, 49),
(128, 22, 33),
(129, 43, 37),
(130, 1, 21),
(131, 37, 35),
(132, 46, 11),
(133, 48, 2),
(134, 28, 45),
(135, 34, 21),
(136, 24, 38),
(137, 22, 48),
(138, 21, 43),
(139, 29, 12),
(140, 22, 4),
(141, 46, 9),
(142, 14, 24),
(143, 40, 48),
(144, 19, 22),
(145, 28, 3),
(146, 19, 39),
(147, 1, 4),
(148, 35, 24),
(149, 34, 7),
(150, 24, 32),
(151, 21, 36),
(152, 24, 19),
(153, 44, 13),
(154, 22, 19),
(155, 49, 17),
(156, 6, 28),
(157, 36, 46),
(158, 50, 50),
(159, 11, 14),
(160, 4, 31),
(161, 46, 36),
(162, 13, 17),
(163, 16, 47),
(164, 48, 16),
(165, 11, 36),
(166, 24, 33),
(167, 39, 10),
(168, 30, 15),
(169, 11, 46),
(170, 28, 6),
(171, 22, 11),
(172, 42, 14),
(173, 17, 45),
(174, 10, 28),
(175, 13, 23),
(176, 8, 32),
(177, 25, 48),
(178, 28, 18),
(179, 28, 10),
(180, 41, 42),
(181, 5, 13),
(182, 40, 10),
(183, 10, 12),
(184, 17, 18),
(185, 13, 49),
(186, 30, 30),
(187, 40, 11),
(188, 32, 37),
(189, 10, 37),
(190, 29, 5),
(191, 44, 41),
(192, 4, 12),
(193, 9, 31),
(194, 43, 32),
(195, 32, 9),
(196, 49, 40),
(197, 8, 15),
(198, 17, 23),
(199, 43, 49),
(200, 50, 7),
(201, 9, 21),
(202, 32, 12),
(203, 15, 45),
(204, 12, 20),
(205, 19, 20),
(206, 14, 21),
(207, 18, 3),
(208, 28, 12),
(209, 46, 21),
(210, 6, 44),
(211, 39, 23),
(212, 4, 49),
(213, 6, 32),
(214, 1, 42),
(215, 19, 5),
(216, 4, 16),
(217, 30, 33),
(218, 2, 3),
(219, 44, 3),
(220, 33, 5),
(221, 27, 8),
(222, 2, 8),
(223, 38, 50),
(224, 5, 32),
(225, 10, 38),
(226, 1, 15),
(227, 12, 29),
(228, 49, 47),
(229, 50, 14),
(230, 3, 6),
(231, 7, 49),
(232, 48, 42),
(233, 50, 23),
(234, 29, 13),
(235, 14, 23),
(236, 26, 49),
(237, 22, 43),
(238, 8, 12),
(239, 4, 39),
(240, 23, 8),
(241, 12, 44),
(242, 39, 21),
(243, 43, 44),
(244, 7, 1),
(245, 1, 45),
(246, 41, 46),
(247, 50, 49),
(248, 46, 10),
(249, 43, 5),
(250, 39, 22),
(251, 48, 45),
(252, 15, 25),
(253, 29, 16),
(254, 35, 32),
(255, 32, 19),
(256, 4, 23),
(257, 48, 7),
(258, 21, 1),
(259, 30, 45),
(260, 17, 19),
(261, 25, 33),
(262, 45, 26),
(263, 20, 15),
(264, 14, 49),
(265, 40, 12),
(266, 29, 34),
(267, 37, 49),
(268, 48, 26),
(269, 41, 35),
(270, 45, 11),
(271, 32, 49),
(272, 14, 4),
(273, 49, 41),
(274, 20, 6),
(275, 6, 34),
(276, 1, 49),
(277, 21, 10),
(278, 16, 49),
(279, 46, 16),
(280, 8, 3),
(281, 33, 28),
(282, 28, 5),
(283, 34, 24),
(284, 41, 49),
(285, 26, 13),
(286, 44, 42),
(287, 16, 21),
(288, 1, 34),
(289, 41, 19),
(290, 23, 38),
(291, 16, 20),
(292, 48, 15),
(293, 5, 4),
(294, 43, 46),
(295, 26, 41),
(296, 35, 5),
(297, 27, 1),
(298, 45, 1),
(299, 21, 19),
(300, 11, 3),
(301, 41, 30),
(302, 43, 41),
(303, 45, 10),
(304, 48, 21),
(305, 4, 46),
(306, 27, 45),
(307, 7, 32),
(308, 20, 47),
(309, 33, 24),
(310, 46, 29),
(311, 29, 32),
(312, 28, 16),
(313, 31, 33),
(314, 28, 39),
(315, 5, 44),
(316, 1, 11),
(317, 3, 30),
(318, 1, 1),
(319, 47, 13),
(320, 49, 3),
(321, 41, 43),
(322, 45, 9),
(323, 31, 25),
(324, 32, 41),
(325, 20, 42),
(326, 46, 38),
(327, 4, 48),
(328, 11, 34),
(329, 48, 22),
(330, 20, 45),
(331, 38, 32),
(332, 2, 35),
(333, 33, 31),
(334, 35, 29),
(335, 36, 1),
(336, 32, 11),
(337, 2, 37),
(338, 15, 23),
(339, 42, 1),
(340, 17, 17),
(341, 36, 44),
(342, 28, 14),
(343, 46, 1),
(344, 37, 21),
(345, 13, 8),
(346, 48, 20),
(347, 28, 42),
(348, 27, 29),
(349, 6, 15),
(350, 25, 35),
(351, 30, 48),
(352, 39, 9),
(353, 33, 45),
(354, 27, 7),
(355, 9, 29),
(356, 15, 48),
(357, 18, 27),
(358, 20, 23),
(359, 23, 11),
(360, 40, 3),
(361, 11, 19),
(362, 31, 44),
(363, 17, 40),
(364, 7, 20),
(365, 21, 6),
(366, 28, 19),
(367, 16, 16),
(368, 27, 11),
(369, 27, 37),
(370, 47, 3),
(371, 32, 50),
(372, 11, 37),
(373, 9, 4),
(374, 26, 33),
(375, 45, 16),
(376, 10, 47),
(377, 41, 38),
(378, 27, 15),
(379, 13, 21),
(380, 46, 49),
(381, 30, 42),
(382, 4, 11),
(383, 46, 12),
(384, 13, 13),
(385, 7, 26),
(386, 48, 10),
(387, 3, 15),
(388, 7, 9),
(389, 33, 7),
(390, 32, 21),
(391, 32, 29),
(392, 10, 20),
(393, 34, 11),
(394, 30, 19),
(395, 21, 28),
(396, 30, 2),
(397, 41, 7),
(398, 1, 14),
(399, 8, 48),
(400, 11, 4),
(401, 45, 25),
(402, 2, 16),
(403, 6, 3),
(404, 24, 25),
(405, 17, 16),
(406, 45, 50),
(407, 10, 21),
(408, 38, 2),
(409, 33, 17),
(410, 24, 48),
(411, 35, 38),
(412, 19, 38),
(413, 21, 7),
(414, 4, 29),
(415, 27, 26),
(416, 50, 38),
(417, 37, 1),
(418, 5, 31),
(419, 16, 8),
(420, 6, 31),
(421, 16, 38),
(422, 7, 25),
(423, 8, 7),
(424, 13, 42),
(425, 37, 26),
(426, 10, 17),
(427, 12, 22),
(428, 25, 5),
(429, 29, 40),
(430, 29, 29),
(431, 33, 6),
(432, 30, 3),
(433, 48, 11),
(434, 21, 21),
(435, 25, 38),
(436, 49, 48),
(437, 42, 29),
(438, 38, 46),
(439, 43, 34),
(440, 35, 34),
(441, 37, 19),
(442, 21, 26),
(443, 6, 36),
(444, 12, 14),
(445, 14, 8),
(446, 3, 23),
(447, 43, 7),
(448, 14, 9),
(449, 33, 8),
(450, 8, 27),
(451, 40, 13),
(452, 49, 7),
(453, 35, 14),
(454, 26, 15),
(455, 9, 25),
(456, 13, 48),
(457, 23, 47),
(458, 45, 41),
(459, 23, 44),
(460, 31, 13),
(461, 38, 7),
(462, 42, 44),
(463, 7, 3),
(464, 13, 24),
(465, 11, 28),
(466, 24, 22),
(467, 36, 7),
(468, 16, 17),
(469, 19, 30),
(470, 14, 36),
(471, 4, 36),
(472, 15, 30),
(473, 14, 1),
(474, 30, 36),
(475, 42, 32),
(476, 12, 8),
(477, 10, 45),
(478, 24, 36),
(479, 22, 7),
(480, 42, 9),
(481, 19, 43),
(482, 1, 26),
(483, 50, 2),
(484, 14, 28),
(485, 14, 13),
(486, 36, 21),
(487, 35, 46),
(488, 41, 3),
(489, 38, 44),
(490, 27, 27),
(491, 16, 9),
(492, 24, 45),
(493, 26, 10),
(494, 26, 35),
(495, 17, 21),
(496, 49, 6),
(497, 12, 42),
(498, 21, 12),
(499, 24, 44),
(500, 43, 29),
(501, 8, 49),
(502, 33, 9),
(503, 34, 29),
(504, 14, 34),
(505, 36, 39),
(506, 13, 10),
(507, 25, 43),
(508, 35, 1),
(509, 10, 2),
(510, 24, 10),
(511, 42, 49),
(512, 49, 24),
(513, 49, 18),
(514, 47, 12),
(515, 18, 31),
(516, 9, 36),
(517, 4, 34),
(518, 43, 8),
(519, 42, 50),
(520, 16, 30),
(521, 12, 24),
(522, 9, 16),
(523, 21, 20),
(524, 48, 5),
(525, 46, 31),
(526, 18, 23),
(527, 3, 44),
(528, 44, 32),
(529, 49, 13),
(530, 9, 32),
(531, 24, 7),
(532, 40, 32),
(533, 2, 18),
(534, 6, 43),
(535, 36, 29),
(536, 29, 10),
(537, 28, 36),
(538, 25, 19),
(539, 40, 28),
(540, 28, 50),
(541, 17, 34),
(542, 14, 5),
(543, 20, 43),
(544, 33, 40),
(545, 40, 7),
(546, 29, 3),
(547, 25, 28),
(548, 24, 12),
(549, 40, 5),
(550, 9, 10),
(551, 11, 2),
(552, 6, 42),
(553, 32, 20),
(554, 50, 21),
(555, 3, 5),
(556, 37, 50),
(557, 35, 11),
(558, 13, 36),
(559, 23, 15),
(560, 3, 14),
(561, 44, 6),
(562, 4, 19),
(563, 41, 26),
(564, 13, 32),
(565, 33, 37),
(566, 6, 26),
(567, 30, 14),
(568, 8, 22),
(569, 19, 34),
(570, 6, 14),
(571, 28, 28),
(572, 2, 15),
(573, 8, 11),
(574, 5, 42),
(575, 29, 41),
(576, 11, 41),
(577, 2, 40),
(578, 49, 30),
(579, 40, 36),
(580, 49, 28),
(581, 37, 34),
(582, 24, 46),
(583, 34, 33),
(584, 8, 47),
(585, 49, 42),
(586, 16, 45),
(587, 13, 38),
(588, 33, 10),
(589, 27, 35),
(590, 35, 28),
(591, 13, 20),
(592, 39, 3),
(593, 50, 37),
(594, 27, 50),
(595, 14, 3),
(596, 50, 19),
(597, 32, 47),
(598, 33, 32),
(599, 31, 12),
(600, 11, 32),
(601, 38, 17),
(602, 5, 46),
(603, 8, 6),
(604, 34, 36),
(605, 22, 2),
(606, 50, 12),
(607, 30, 13),
(608, 15, 7),
(609, 8, 24),
(610, 1, 24),
(611, 48, 23),
(612, 11, 50),
(613, 6, 41),
(614, 37, 29),
(615, 31, 49),
(616, 27, 36),
(617, 6, 37),
(618, 19, 41),
(619, 30, 23),
(620, 23, 10),
(621, 36, 30),
(622, 14, 6),
(623, 7, 28),
(624, 7, 30),
(625, 18, 5),
(626, 41, 44),
(627, 2, 47),
(628, 25, 9),
(629, 13, 43),
(630, 49, 16),
(631, 42, 11),
(632, 31, 30),
(633, 29, 43),
(634, 1, 48),
(635, 2, 33),
(636, 36, 18),
(637, 25, 16),
(638, 11, 25),
(639, 20, 22),
(640, 16, 6),
(641, 36, 11),
(642, 40, 24),
(643, 2, 43),
(644, 28, 24),
(645, 38, 28),
(646, 23, 22),
(647, 39, 31),
(648, 38, 27),
(649, 34, 4),
(650, 50, 16),
(651, 21, 5),
(652, 14, 18),
(653, 10, 48),
(654, 44, 31),
(655, 26, 29),
(656, 32, 27),
(657, 47, 20),
(658, 39, 47),
(659, 27, 24),
(660, 7, 31),
(661, 25, 10),
(662, 31, 39),
(663, 29, 8),
(664, 4, 27),
(665, 27, 3),
(666, 4, 22),
(667, 42, 15),
(668, 20, 46),
(669, 14, 30),
(670, 33, 18),
(671, 24, 49),
(672, 23, 35),
(673, 31, 14),
(674, 48, 9),
(675, 49, 45),
(676, 28, 4),
(677, 48, 4),
(678, 42, 13),
(679, 20, 37),
(680, 30, 11),
(681, 5, 47),
(682, 2, 23),
(683, 40, 9),
(684, 6, 33),
(685, 19, 2),
(686, 26, 20),
(687, 27, 34),
(688, 42, 4),
(689, 31, 11),
(690, 7, 47),
(691, 25, 26),
(692, 40, 33),
(693, 45, 14),
(694, 20, 18),
(695, 30, 49),
(696, 18, 6),
(697, 10, 49),
(698, 32, 42),
(699, 4, 13),
(700, 46, 28),
(701, 21, 16),
(702, 12, 7),
(703, 35, 10),
(704, 1, 25),
(705, 40, 30),
(706, 49, 29),
(707, 9, 14),
(708, 5, 41),
(709, 25, 44),
(710, 45, 18),
(711, 39, 40),
(712, 8, 38),
(713, 22, 25),
(714, 33, 49),
(715, 47, 16),
(716, 25, 36),
(717, 10, 36),
(718, 11, 43),
(719, 20, 3),
(720, 34, 25),
(721, 2, 2),
(722, 9, 2),
(723, 4, 8),
(724, 37, 12),
(725, 29, 20),
(726, 2, 7),
(727, 15, 18),
(728, 27, 19),
(729, 21, 3),
(730, 8, 46),
(731, 12, 43),
(732, 6, 19),
(733, 22, 9),
(734, 41, 39),
(735, 30, 6),
(736, 22, 20),
(737, 2, 44),
(738, 12, 6),
(739, 27, 33),
(740, 29, 4),
(741, 38, 31),
(742, 3, 20),
(743, 25, 42),
(744, 31, 27),
(745, 5, 5),
(746, 17, 3),
(747, 48, 40),
(748, 25, 3),
(749, 3, 10),
(750, 43, 10),
(751, 43, 39),
(752, 24, 24),
(753, 5, 3),
(754, 36, 9),
(755, 4, 10),
(756, 32, 43),
(757, 31, 32),
(758, 28, 31),
(759, 43, 22),
(760, 50, 11),
(761, 20, 5),
(762, 26, 8),
(763, 12, 37),
(764, 6, 46),
(765, 15, 38),
(766, 4, 14),
(767, 41, 34),
(768, 9, 34),
(769, 47, 44),
(770, 23, 45),
(771, 14, 31),
(772, 50, 29),
(773, 23, 1),
(774, 27, 42),
(775, 39, 41),
(776, 40, 43),
(777, 27, 14),
(778, 44, 50),
(779, 10, 50),
(780, 31, 26),
(781, 40, 16),
(782, 19, 47),
(783, 8, 45),
(784, 20, 24),
(785, 39, 12),
(786, 3, 32),
(787, 38, 1),
(788, 18, 18),
(789, 49, 21),
(790, 37, 20),
(791, 44, 47),
(792, 21, 18),
(793, 21, 45),
(794, 26, 45),
(795, 23, 6),
(796, 40, 29),
(797, 34, 18),
(798, 30, 27),
(799, 9, 44),
(800, 1, 23),
(801, 19, 3),
(802, 19, 15),
(803, 6, 45),
(804, 35, 43),
(805, 5, 29),
(806, 30, 12),
(807, 5, 16),
(808, 38, 18),
(809, 25, 46),
(810, 15, 4),
(811, 16, 10),
(812, 44, 4),
(813, 42, 3),
(814, 50, 27),
(815, 34, 8),
(816, 12, 31),
(817, 45, 35),
(818, 16, 43),
(819, 41, 20),
(820, 18, 46),
(821, 19, 31),
(822, 50, 26),
(823, 8, 31),
(824, 49, 46),
(825, 6, 9),
(826, 47, 7),
(827, 31, 36),
(828, 30, 10),
(829, 10, 19),
(830, 43, 21),
(831, 17, 2),
(832, 11, 48),
(833, 35, 47);

--
-- Indexes for dumped tables
--

--
-- Indexes for table `customers`
--
ALTER TABLE `customers`
  ADD PRIMARY KEY (`id`);

--
-- Indexes for table `foods`
--
ALTER TABLE `foods`
  ADD PRIMARY KEY (`id`);

--
-- Indexes for table `orders`
--
ALTER TABLE `orders`
  ADD PRIMARY KEY (`id`);

--
-- Indexes for table `restaurants`
--
ALTER TABLE `restaurants`
  ADD PRIMARY KEY (`id`);

--
-- Indexes for table `restaurant_foods`
--
ALTER TABLE `restaurant_foods`
  ADD PRIMARY KEY (`id`);

--
-- AUTO_INCREMENT for dumped tables
--

--
-- AUTO_INCREMENT for table `customers`
--
ALTER TABLE `customers`
  MODIFY `id` int(11) NOT NULL AUTO_INCREMENT, AUTO_INCREMENT=51;

--
-- AUTO_INCREMENT for table `foods`
--
ALTER TABLE `foods`
  MODIFY `id` int(11) NOT NULL AUTO_INCREMENT, AUTO_INCREMENT=51;

--
-- AUTO_INCREMENT for table `orders`
--
ALTER TABLE `orders`
  MODIFY `id` int(11) NOT NULL AUTO_INCREMENT, AUTO_INCREMENT=834;

--
-- AUTO_INCREMENT for table `restaurants`
--
ALTER TABLE `restaurants`
  MODIFY `id` int(11) NOT NULL AUTO_INCREMENT, AUTO_INCREMENT=51;

--
-- AUTO_INCREMENT for table `restaurant_foods`
--
ALTER TABLE `restaurant_foods`
  MODIFY `id` int(11) NOT NULL AUTO_INCREMENT, AUTO_INCREMENT=834;
COMMIT;

/*!40101 SET CHARACTER_SET_CLIENT=@OLD_CHARACTER_SET_CLIENT */;
/*!40101 SET CHARACTER_SET_RESULTS=@OLD_CHARACTER_SET_RESULTS */;
/*!40101 SET COLLATION_CONNECTION=@OLD_COLLATION_CONNECTION */;
